char,codepoints,unicode_name,category,count,suggested_class,class
a,U+0061,LATIN SMALL LETTER A,Ll,155336,word,word
b,U+0062,LATIN SMALL LETTER B,Ll,27706,word,word
c,U+0063,LATIN SMALL LETTER C,Ll,36940,word,word
d,U+0064,LATIN SMALL LETTER D,Ll,92079,word,word
e,U+0065,LATIN SMALL LETTER E,Ll,271217,word,word
f,U+0066,LATIN SMALL LETTER F,Ll,47501,word,word
g,U+0067,LATIN SMALL LETTER G,Ll,37669,word,word
h,U+0068,LATIN SMALL LETTER H,Ll,148977,word,word
i,U+0069,LATIN SMALL LETTER I,Ll,129495,word,word
j,U+006A,LATIN SMALL LETTER J,Ll,1982,word,word
k,U+006B,LATIN SMALL LETTER K,Ll,14238,word,word
l,U+006C,LATIN SMALL LETTER L,Ll,80547,word,word
m,U+006D,LATIN SMALL LETTER M,Ll,51188,word,word
n,U+006E,LATIN SMALL LETTER N,Ll,134891,word,word
o,U+006F,LATIN SMALL LETTER O,Ll,179102,word,word
p,U+0070,LATIN SMALL LETTER P,Ll,32264,word,word
q,U+0071,LATIN SMALL LETTER Q,Ll,742,word,word
r,U+0072,LATIN SMALL LETTER R,Ll,122061,word,word
s,U+0073,LATIN SMALL LETTER S,Ll,135142,word,word
t,U+0074,LATIN SMALL LETTER T,Ll,183994,word,word
u,U+0075,LATIN SMALL LETTER U,Ll,63995,word,word
v,U+0076,LATIN SMALL LETTER V,Ll,22906,word,word
w,U+0077,LATIN SMALL LETTER W,Ll,53450,word,word
x,U+0078,LATIN SMALL LETTER X,Ll,1582,word,word
y,U+0079,LATIN SMALL LETTER Y,Ll,49250,word,word
z,U+007A,LATIN SMALL LETTER Z,Ll,802,word,word
A,U+0041,LATIN CAPITAL LETTER A,Lu,4186,word,word
B,U+0042,LATIN CAPITAL LETTER B,Lu,2524,word,word
C,U+0043,LATIN CAPITAL LETTER C,Lu,2254,word,word
D,U+0044,LATIN CAPITAL LETTER D,Lu,1032,word,word
E,U+0045,LATIN CAPITAL LETTER E,Lu,1138,word,word
F,U+0046,LATIN CAPITAL LETTER F,Lu,2436,word,word
G,U+0047,LATIN CAPITAL LETTER G,Lu,5190,word,word
H,U+0048,LATIN CAPITAL LETTER H,Lu,2576,word,word
I,U+0049,LATIN CAPITAL LETTER I,Lu,9714,word,word
J,U+004A,LATIN CAPITAL LETTER J,Lu,5198,word,word
K,U+004B,LATIN CAPITAL LETTER K,Lu,194,word,word
L,U+004C,LATIN CAPITAL LETTER L,Lu,5110,word,word
M,U+004D,LATIN CAPITAL LETTER M,Lu,2208,word,word
N,U+004E,LATIN CAPITAL LETTER N,Lu,1000,word,word
O,U+004F,LATIN CAPITAL LETTER O,Lu,1374,word,word
P,U+0050,LATIN CAPITAL LETTER P,Lu,1874,word,word
Q,U+0051,LATIN CAPITAL LETTER Q,Lu,58,word,word
R,U+0052,LATIN CAPITAL LETTER R,Lu,550,word,word
S,U+0053,LATIN CAPITAL LETTER S,Lu,3880,word,word
T,U+0054,LATIN CAPITAL LETTER T,Lu,6546,word,word
U,U+0055,LATIN CAPITAL LETTER U,Lu,114,word,word
V,U+0056,LATIN CAPITAL LETTER V,Lu,54,word,word
W,U+0057,LATIN CAPITAL LETTER W,Lu,2606,word,word
Y,U+0059,LATIN CAPITAL LETTER Y,Lu,1452,word,word
Z,U+005A,LATIN CAPITAL LETTER Z,Lu,306,word,word
-,U+002D,HYPHEN-MINUS,Pd,894,both,both
–,U+2013,EN DASH,Pd,2808,punctuation,punctuation
),U+0029,RIGHT PARENTHESIS,Pe,242,punctuation,punctuation
’,U+2019,RIGHT SINGLE QUOTATION MARK,Pf,5571,both,both
”,U+201D,RIGHT DOUBLE QUOTATION MARK,Pf,3289,punctuation,punctuation
‘,U+2018,LEFT SINGLE QUOTATION MARK,Pi,3395,punctuation,punctuation
“,U+201C,LEFT DOUBLE QUOTATION MARK,Pi,3399,punctuation,punctuation
!,U+0021,EXCLAMATION MARK,Po,1900,punctuation,punctuation
",",U+002C,COMMA,Po,46632,punctuation,punctuation
.,U+002E,FULL STOP,Po,21998,punctuation,punctuation
:,U+003A,COLON,Po,1044,punctuation,punctuation
;,U+003B,SEMICOLON,Po,4962,punctuation,punctuation
?,U+003F,QUESTION MARK,Po,2650,punctuation,punctuation
…,U+2026,HORIZONTAL ELLIPSIS,Po,2,punctuation,punctuation
(,U+0028,LEFT PARENTHESIS,Ps,242,punctuation,punctuation
